Rank,URL,Latency
22,qq.com/,3126.29
5,wordpress.org/,185.128
70,google.co.uk/,275.167
48,imdb.com/,920.765
96,clickbank.net/,236.568
57,free.fr/,741.673
46,t.co/,198.936
71,mozilla.org/,213.02
8,wikipedia.org/,227.138
13,flickr.com/,102.942
28,feedburner.com/,64.5241
91,homestead.com/,437.704
37,macromedia.com/,845.316
32,reddit.com/,210.264
93,163.com/,2466.96
1,facebook.com/,132.129
90,washingtonpost.com/,697.339
3,google.com/,201.227
5,wordpress.org/,152.162
97,weibo.com/,1122.73
38,goo.gl/,47.2361
20,microsoft.com/,466.538
77,europa.eu/,258.444
31,nytimes.com/,867.93
87,slideshare.net/,2046.33
90,washingtonpost.com/,7.45595
92,reuters.com/,417.589
59,creativecommons.org/,394.528
48,imdb.com/,3.36474
15,tumblr.com/,115.924
97,weibo.com/,1.65789
89,mapquest.com/,410.677
86,geocities.com/,105.213
82,tripod.com/,318.175
86,geocities.com/,1.18183
8,wikipedia.org/,2.09847
96,clickbank.net/,359.779
62,technorati.com/,615.166
88,wix.com/,284.446
34,bbc.co.uk/,831.342
77,europa.eu/,1.22101
40,gov.uk/,117.292
53,tinyurl.com/,524.779
16,w3.org/,176.034
14,pinterest.com/,52.4624
26,addthis.com/,294.161
55,google.co.jp/,180.704
44,webs.com/,663.255
78,taobao.com/,1934.06
91,homestead.com/,1.95901
75,ameblo.jp/,749.422
31,nytimes.com/,11.7046
55,google.co.jp/,2.36425
72,51.la/,2387.84
52,go.com/,1121.24
24,baidu.com/,503.371
97,weibo.com/,1.24539
55,google.co.jp/,2.32129
78,taobao.com/,5.23862
80,rambler.ru/,1461.54
71,mozilla.org/,201.089
46,t.co/,1.39438
65,about.com/,1019.2
40,gov.uk/,45.1507
71,mozilla.org/,92.7327
6,adobe.com/,784.259
7,blogspot.com/,221.435
58,joomla.org/,487.13
72,51.la/,1.40921
81,guardian.co.uk/,607.051
80,rambler.ru/,2.29527
50,jimdo.com/,834.364
40,gov.uk/,71.7163
12,amazon.com/,1580.3
48,imdb.com/,3.90461
84,issuu.com/,120.915
64,hugedomains.com/,144.209
74,ebay.com/,598.376
69,huffingtonpost.com/,318.155
95,forbes.com/,187.341
23,digg.com/,1106.21
39,instagram.com/,69.3087
39,instagram.com/,50.8155
27,statcounter.com/,372.854
95,forbes.com/,4.13369
25,stumbleupon.com/,1194.33
86,geocities.com/,1.04542
55,google.co.jp/,1.75907
41,icio.us/,371.889
61,networkadvertising.org/,508.616
16,w3.org/,1.24138
93,163.com/,1.42841
98,etsy.com/,246.39
25,stumbleupon.com/,1.79625
94,photobucket.com/,1287.27
39,instagram.com/,72.9417
21,youtu.be/,110.355
100,dailymotion.com/,1684.45
83,godaddy.com/,142.365
98,etsy.com/,172.131
100,dailymotion.com/,3.40743
44,webs.com/,1.17363
7,blogspot.com/,207.221
49,mail.ru/,330.206
84,issuu.com/,4.0662
87,slideshare.net/,6.33502
34,bbc.co.uk/,3.68338
44,webs.com/,2.13276
92,reuters.com/,3.20184
42,yandex.ru/,1023.51
24,baidu.com/,2.1816
9,linkedin.com/,70.9271
93,163.com/,4.97426
63,sina.com.cn/,5022.72
39,instagram.com/,130.907
55,google.co.jp/,8.05776
73,aol.com/,1771.15
13,flickr.com/,121.558
55,google.co.jp/,8.17541
42,yandex.ru/,6.17759
24,baidu.com/,0.759424
29,miibeian.gov.cn/,156.338
30,delicious.com/,216.899
96,clickbank.net/,214.578
60,typepad.com/,809.292
95,forbes.com/,3.73065
31,nytimes.com/,7.34145
76,wsj.com/,692.279
70,google.co.uk/,2.19072
90,washingtonpost.com/,9.21762
61,networkadvertising.org/,2.00808
37,macromedia.com/,4.51254
87,slideshare.net/,8.94341
98,etsy.com/,206.75
65,about.com/,42.0569
76,wsj.com/,6.90635
16,w3.org/,3.93252
38,goo.gl/,114.151
75,ameblo.jp/,2.032
45,google.de/,360.189
50,jimdo.com/,1.81132
1,facebook.com/,202.514
100,dailymotion.com/,5.17684
5,wordpress.org/,156.321
96,clickbank.net/,203.443
35,blogger.com/,251.937
49,mail.ru/,334.654
51,sourceforge.net/,303.944
34,bbc.co.uk/,13.8103
16,w3.org/,1.57764
84,issuu.com/,1.63408
46,t.co/,1.71004
86,geocities.com/,2.93383
41,icio.us/,1.14794
43,cnn.com/,710.094
6,adobe.com/,5.2459
94,photobucket.com/,2.99075
88,wix.com/,2.19569
47,livejournal.com/,1354.18
33,weebly.com/,1136
12,amazon.com/,12.365
43,cnn.com/,5.84228
86,geocities.com/,2.36586
63,sina.com.cn/,14.8792
28,feedburner.com/,99.3917
67,yahoo.co.jp/,1325.2
93,163.com/,1.43775
82,tripod.com/,2.49343
98,etsy.com/,160.742
72,51.la/,2.58397
91,homestead.com/,3.12307
26,addthis.com/,3.12202
54,vk.com/,621.61
59,creativecommons.org/,2.52579
51,sourceforge.net/,2.0015
7,blogspot.com/,217.931
35,blogger.com/,175.61
50,jimdo.com/,2.27116
13,flickr.com/,117.075
81,guardian.co.uk/,8.02339
20,microsoft.com/,0.805525
59,creativecommons.org/,1.80856
86,geocities.com/,4.22261
71,mozilla.org/,195.031
83,godaddy.com/,130.799
52,go.com/,2.12424
8,wikipedia.org/,2.59282
64,hugedomains.com/,7.19778
34,bbc.co.uk/,3.30699
87,slideshare.net/,9.74181
61,networkadvertising.org/,1.93667
36,msn.com/,623.344
45,google.de/,1.77999
61,networkadvertising.org/,2.75747
60,typepad.com/,3.22803
4,youtube.com/,753.939
23,digg.com/,4.94576
24,baidu.com/,1.15131
25,stumbleupon.com/,3.602
30,delicious.com/,158.054
18,myspace.com/,249.201
1,facebook.com/,117.546
12,amazon.com/,14.5783
81,guardian.co.uk/,9.62311
41,icio.us/,5.35274
19,vimeo.com/,72.058
3,google.com/,2.18765
87,slideshare.net/,4.91728
8,wikipedia.org/,5.47722
51,sourceforge.net/,2.97089
80,rambler.ru/,5.14397
57,free.fr/,2.32435
79,bing.com/,814.667
11,yahoo.com/,141.417
42,yandex.ru/,2.36761
37,macromedia.com/,4.12365
48,imdb.com/,4.56815
77,europa.eu/,2.96614
35,blogger.com/,190.582
98,etsy.com/,169.464
69,huffingtonpost.com/,7.75851
95,forbes.com/,4.34994
64,hugedomains.com/,3.96083
62,technorati.com/,2.47759
79,bing.com/,2.85263
86,geocities.com/,1.60344
5,wordpress.org/,172.186
69,huffingtonpost.com/,9.20917
28,feedburner.com/,53.541
89,mapquest.com/,3.81921
32,reddit.com/,4.49013
51,sourceforge.net/,5.15172
100,dailymotion.com/,4.16052
28,feedburner.com/,23.4253
96,clickbank.net/,252.006
88,wix.com/,3.70394
9,linkedin.com/,53.9554
37,macromedia.com/,3.36465
14,pinterest.com/,57.7469
24,baidu.com/,2.32485
73,aol.com/,8.72642
52,go.com/,4.06459
64,hugedomains.com/,2.56913
71,mozilla.org/,186.407
57,free.fr/,2.4082
57,free.fr/,1.90918
68,nih.gov/,177.812
2,twitter.com/,181.464
69,huffingtonpost.com/,9.34357
16,w3.org/,1.50315
13,flickr.com/,124.401
57,free.fr/,2.40998
76,wsj.com/,6.04887
98,etsy.com/,175.646
63,sina.com.cn/,16.8848
95,forbes.com/,2.9635
34,bbc.co.uk/,3.57673
56,fc2.com/,418.128
73,aol.com/,6.46972
18,myspace.com/,143.558
94,photobucket.com/,2.51268
92,reuters.com/,2.41801
52,go.com/,2.30703
79,bing.com/,4.33232
50,jimdo.com/,1.82078
43,cnn.com/,4.66488
89,mapquest.com/,3.45597
80,rambler.ru/,4.46729
42,yandex.ru/,2.14957
45,google.de/,3.76384
13,flickr.com/,61.4447
76,wsj.com/,6.18044
85,gnu.org/,290.85
55,google.co.jp/,2.1275
59,creativecommons.org/,4.75892
72,51.la/,2.16724
37,macromedia.com/,3.57901
50,jimdo.com/,5.09976
81,guardian.co.uk/,8.94653
78,taobao.com/,4.81535
76,wsj.com/,5.19384
85,gnu.org/,1.38886
90,washingtonpost.com/,8.7857
23,digg.com/,5.10872
67,yahoo.co.jp/,1.49834
39,instagram.com/,170.995
35,blogger.com/,203.124
53,tinyurl.com/,2.02901
36,msn.com/,1.79721
37,macromedia.com/,3.65515
60,typepad.com/,7.74262
52,go.com/,3.15732
68,nih.gov/,4.86392
77,europa.eu/,2.77236
23,digg.com/,12.7146
13,flickr.com/,126.238
13,flickr.com/,62.3858
40,gov.uk/,64.184
16,w3.org/,1.80362
38,goo.gl/,76.6425
71,mozilla.org/,184.543
20,microsoft.com/,1.04358
20,microsoft.com/,1.7634
43,cnn.com/,5.41863
25,stumbleupon.com/,1.79727
97,weibo.com/,2.76646
3,google.com/,1.88149
66,theguardian.com/,832.576
42,yandex.ru/,2.11029
87,slideshare.net/,4.44407
47,livejournal.com/,4.34832
63,sina.com.cn/,11.5922
39,instagram.com/,65.6098
47,livejournal.com/,4.06572
95,forbes.com/,2.90177
66,theguardian.com/,7.73975
92,reuters.com/,2.42176
3,google.com/,1.88976
12,amazon.com/,6.91449
82,tripod.com/,1.86221
10,wordpress.com/,65.8621
78,taobao.com/,3.83187
39,instagram.com/,47.5663
49,mail.ru/,303.774
27,statcounter.com/,2.95672
92,reuters.com/,3.76367
56,fc2.com/,1.77788
5,wordpress.org/,167.166
91,homestead.com/,1.63847
30,delicious.com/,159.262
56,fc2.com/,2.75163
70,google.co.uk/,7.50868
90,washingtonpost.com/,6.92971
67,yahoo.co.jp/,1.30573
68,nih.gov/,1.85739
91,homestead.com/,2.9537
42,yandex.ru/,1.94619
65,about.com/,12.2721
3,google.com/,2.18635
74,ebay.com/,3.79539
61,networkadvertising.org/,2.08604
36,msn.com/,1.79595
15,tumblr.com/,75.4537
22,qq.com/,11.1807
54,vk.com/,1.68634
57,free.fr/,2.04451
94,photobucket.com/,4.69847
98,etsy.com/,188.145
74,ebay.com/,4.30647
76,wsj.com/,5.44505
68,nih.gov/,1.98205
20,microsoft.com/,1.47969
86,geocities.com/,1.10659
91,homestead.com/,1.46134
29,miibeian.gov.cn/,37.2918
97,weibo.com/,1.30489
74,ebay.com/,4.24663
59,creativecommons.org/,2.40361
10,wordpress.com/,59.6979
92,reuters.com/,2.88397
84,issuu.com/,2.01541
45,google.de/,1.90047
6,adobe.com/,3.31735
17,apple.com/,143.213
25,stumbleupon.com/,3.44673
30,delicious.com/,84.0828
91,homestead.com/,1.53699
35,blogger.com/,148.525
61,networkadvertising.org/,2.92411
72,51.la/,2.14761
10,wordpress.com/,29.7716
47,livejournal.com/,8.83516
56,fc2.com/,1.71256
75,ameblo.jp/,2.03229
37,macromedia.com/,3.91756
28,feedburner.com/,35.5498
35,blogger.com/,137.659
58,joomla.org/,1.32548
78,taobao.com/,3.48178
1,facebook.com/,113.963
67,yahoo.co.jp/,1.38454
65,about.com/,24.4616
42,yandex.ru/,2.90307
96,clickbank.net/,160.765
95,forbes.com/,3.61278
19,vimeo.com/,75.1787
37,macromedia.com/,4.26077
61,networkadvertising.org/,3.64033
47,livejournal.com/,4.12824
28,feedburner.com/,30.8343
83,godaddy.com/,126.419
58,joomla.org/,1.39752
57,free.fr/,1.68954
14,pinterest.com/,102.772
85,gnu.org/,6.28813
40,gov.uk/,165.909
48,imdb.com/,2.86791
94,photobucket.com/,3.43582
56,fc2.com/,3.2404
38,goo.gl/,22.7965
2,twitter.com/,190.222
81,guardian.co.uk/,8.20397
19,vimeo.com/,69.455
11,yahoo.com/,117.112
67,yahoo.co.jp/,2.51213
60,typepad.com/,1.8075
99,amazon.co.uk/,978.555
28,feedburner.com/,47.544
24,baidu.com/,1.12103
30,delicious.com/,157.822
3,google.com/,8.50527
65,about.com/,10.9693
31,nytimes.com/,7.61316
13,flickr.com/,106.439
44,webs.com/,1.56773
50,jimdo.com/,1.7224
11,yahoo.com/,123.803
18,myspace.com/,141.91
69,huffingtonpost.com/,6.85091
51,sourceforge.net/,2.29967
52,go.com/,4.93133
49,mail.ru/,297.898
72,51.la/,1.53032
79,bing.com/,1.85309
7,blogspot.com/,160.083
61,networkadvertising.org/,1.75555
52,go.com/,2.51678
91,homestead.com/,1.82432
76,wsj.com/,7.13033
23,digg.com/,5.06
42,yandex.ru/,2.52261
8,wikipedia.org/,1.75445
66,theguardian.com/,10.1486
13,flickr.com/,62.6831
29,miibeian.gov.cn/,57.5415
77,europa.eu/,4.20462
23,digg.com/,6.99899
86,geocities.com/,4.73093
11,yahoo.com/,114.135
33,weebly.com/,2.6839
59,creativecommons.org/,1.95249
84,issuu.com/,2.9995
23,digg.com/,5.05062
91,homestead.com/,1.74498
25,stumbleupon.com/,1.88518
46,t.co/,1.46538
45,google.de/,2.24244
87,slideshare.net/,4.20932
34,bbc.co.uk/,3.56976
29,miibeian.gov.cn/,36.9048
16,w3.org/,2.84673
47,livejournal.com/,4.85209
2,twitter.com/,155.194
44,webs.com/,3.59262
7,blogspot.com/,144.482
34,bbc.co.uk/,4.13167
80,rambler.ru/,2.68341
14,pinterest.com/,43.9529
59,creativecommons.org/,2.288
22,qq.com/,13.5554
63,sina.com.cn/,10.019
2,twitter.com/,80.0327
20,microsoft.com/,1.62408
16,w3.org/,1.35977
81,guardian.co.uk/,17.2631
7,blogspot.com/,142.578
72,51.la/,2.65688
31,nytimes.com/,6.36297
19,vimeo.com/,113.479
43,cnn.com/,4.50629
35,blogger.com/,172.14
96,clickbank.net/,205.113
92,reuters.com/,3.62254
59,creativecommons.org/,2.38243
39,instagram.com/,62.7027
37,macromedia.com/,3.41194
65,about.com/,11.9535
3,google.com/,1.68253
48,imdb.com/,2.92883
39,instagram.com/,41.7036
56,fc2.com/,2.25593
66,theguardian.com/,9.99785
41,icio.us/,1.31859
3,google.com/,2.66304
63,sina.com.cn/,12.0114
22,qq.com/,10.1456
58,joomla.org/,2.10182
86,geocities.com/,1.89549
24,baidu.com/,1.11641
64,hugedomains.com/,1.22487
16,w3.org/,1.14017
33,weebly.com/,2.80332
41,icio.us/,5.1639
87,slideshare.net/,5.59721
81,guardian.co.uk/,8.27214
10,wordpress.com/,39.4762
62,technorati.com/,2.27482
86,geocities.com/,1.11931
42,yandex.ru/,2.07074
100,dailymotion.com/,5.15477
12,amazon.com/,9.5027
93,163.com/,6.48397
100,dailymotion.com/,4.69383
45,google.de/,6.83363
72,51.la/,1.41828
13,flickr.com/,100.955
81,guardian.co.uk/,9.98261
80,rambler.ru/,4.32066
68,nih.gov/,1.59793
33,weebly.com/,2.92365
20,microsoft.com/,1.34691
25,stumbleupon.com/,3.04554
47,livejournal.com/,4.66357
60,typepad.com/,9.06537
52,go.com/,2.28697
20,microsoft.com/,1.15927
8,wikipedia.org/,1.76727
54,vk.com/,1.63516
9,linkedin.com/,43.6056
78,taobao.com/,9.34752
32,reddit.com/,4.19302
70,google.co.uk/,2.06061
8,wikipedia.org/,2.1066
20,microsoft.com/,1.35019
39,instagram.com/,54.7083
92,reuters.com/,7.80964
60,typepad.com/,2.33151
99,amazon.co.uk/,5.45237
23,digg.com/,5.67812
87,slideshare.net/,10.4209
92,reuters.com/,3.11566
3,google.com/,2.70281
55,google.co.jp/,3.29884
65,about.com/,13.8303
13,flickr.com/,57.7284
35,blogger.com/,156.593
50,jimdo.com/,1.99077
32,reddit.com/,4.57782
35,blogger.com/,146.752
64,hugedomains.com/,1.10165
55,google.co.jp/,2.36337
15,tumblr.com/,69.1001
63,sina.com.cn/,11.6047
33,weebly.com/,2.27225
35,blogger.com/,145.007
96,clickbank.net/,176.272
20,microsoft.com/,2.21794
81,guardian.co.uk/,8.2703
62,technorati.com/,3.58002
50,jimdo.com/,1.63609
4,youtube.com/,8.47726
79,bing.com/,2.49273
13,flickr.com/,71.588
42,yandex.ru/,2.63847
92,reuters.com/,2.62754
46,t.co/,3.53335
39,instagram.com/,107.649
64,hugedomains.com/,1.44439
83,godaddy.com/,124.122
48,imdb.com/,4.24339
86,geocities.com/,1.42478
61,networkadvertising.org/,6.11557
3,google.com/,4.06076
90,washingtonpost.com/,13.452
9,linkedin.com/,42.0516
78,taobao.com/,5.45323
70,google.co.uk/,2.18114
98,etsy.com/,175.708
2,twitter.com/,183.138
80,rambler.ru/,3.31099
76,wsj.com/,5.19523
18,myspace.com/,156.455
91,homestead.com/,1.20175
89,mapquest.com/,2.98836
10,wordpress.com/,76.1064
83,godaddy.com/,171.65
70,google.co.uk/,3.52655
85,gnu.org/,3.32301
12,amazon.com/,8.50728
19,vimeo.com/,79.6749
10,wordpress.com/,25.7563
16,w3.org/,3.4919
74,ebay.com/,3.44519
77,europa.eu/,1.15757
28,feedburner.com/,38.6534
29,miibeian.gov.cn/,70.7999
25,stumbleupon.com/,1.8286
74,ebay.com/,4.18785
96,clickbank.net/,218.758
91,homestead.com/,1.47031
62,technorati.com/,2.90174
74,ebay.com/,11.0717
56,fc2.com/,1.54958
92,reuters.com/,2.56156
86,geocities.com/,6.40898
55,google.co.jp/,2.45881
81,guardian.co.uk/,13.5152
62,technorati.com/,2.17236
63,sina.com.cn/,11.12
48,imdb.com/,3.58609
42,yandex.ru/,2.13754
43,cnn.com/,7.61052
29,miibeian.gov.cn/,54.5231
23,digg.com/,6.4003
48,imdb.com/,7.86955
18,myspace.com/,145.494
94,photobucket.com/,2.43461
48,imdb.com/,2.83462
84,issuu.com/,2.13924
90,washingtonpost.com/,7.18367
61,networkadvertising.org/,1.63689
89,mapquest.com/,3.4032
42,yandex.ru/,1.95981
30,delicious.com/,166.652
65,about.com/,20.1594
10,wordpress.com/,85.1577
1,facebook.com/,119.897
50,jimdo.com/,2.1533
63,sina.com.cn/,10.8102
68,nih.gov/,1.9258
56,fc2.com/,3.04829
87,slideshare.net/,7.06318
25,stumbleupon.com/,1.75273
16,w3.org/,1.08203
9,linkedin.com/,44.8345
23,digg.com/,4.82219
22,qq.com/,19.2854
43,cnn.com/,5.08188
71,mozilla.org/,210.666
58,joomla.org/,1.7499
51,sourceforge.net/,1.90768
37,macromedia.com/,3.75273
68,nih.gov/,2.27915
11,yahoo.com/,118.83
13,flickr.com/,112.916
40,gov.uk/,45.1731
11,yahoo.com/,123.37
42,yandex.ru/,3.14846
61,networkadvertising.org/,2.0699
80,rambler.ru/,2.60655
48,imdb.com/,4.18413
32,reddit.com/,3.05766
34,bbc.co.uk/,3.66021
52,go.com/,2.30593
89,mapquest.com/,3.46623
77,europa.eu/,1.26464
77,europa.eu/,2.22138
63,sina.com.cn/,11.5419
29,miibeian.gov.cn/,37.4293
78,taobao.com/,5.00689
67,yahoo.co.jp/,1.64844
47,livejournal.com/,4.51322
6,adobe.com/,3.49663
73,aol.com/,6.65744
18,myspace.com/,159.389
32,reddit.com/,2.34591
18,myspace.com/,103.4
26,addthis.com/,3.13907
99,amazon.co.uk/,6.59576
74,ebay.com/,6.44529
47,livejournal.com/,4.2458
79,bing.com/,2.96715
40,gov.uk/,47.1775
32,reddit.com/,5.9069
22,qq.com/,13.4482
20,microsoft.com/,3.10778
11,yahoo.com/,119.719
84,issuu.com/,1.40755
15,tumblr.com/,57.081
63,sina.com.cn/,10.6754
41,icio.us/,1.69987
20,microsoft.com/,1.3672
88,wix.com/,2.0553
61,networkadvertising.org/,1.55221
71,mozilla.org/,114.692
44,webs.com/,3.46641
48,imdb.com/,2.78728
69,huffingtonpost.com/,12.3451
78,taobao.com/,4.61668
70,google.co.uk/,2.34807
1,facebook.com/,112.55
91,homestead.com/,2.01304
43,cnn.com/,4.41897
17,apple.com/,1.90125
67,yahoo.co.jp/,1.71008
63,sina.com.cn/,9.63896
27,statcounter.com/,6.19063
12,amazon.com/,11.5666
18,myspace.com/,532.158
68,nih.gov/,2.79844
56,fc2.com/,1.56421
92,reuters.com/,2.57837
52,go.com/,1.96269
76,wsj.com/,4.68286
9,linkedin.com/,21.8285
56,fc2.com/,1.6819
80,rambler.ru/,2.93822
47,livejournal.com/,4.3648
99,amazon.co.uk/,3.86597
57,free.fr/,2.25336
97,weibo.com/,1.74422
66,theguardian.com/,7.34426
78,taobao.com/,4.16221
79,bing.com/,2.90533
42,yandex.ru/,2.6386
80,rambler.ru/,3.02767
77,europa.eu/,1.11762
1,facebook.com/,77.1035
41,icio.us/,1.40977
56,fc2.com/,3.17705
7,blogspot.com/,216.647
6,adobe.com/,3.8488
4,youtube.com/,6.54184
4,youtube.com/,7.57691
96,clickbank.net/,165.391
80,rambler.ru/,3.56602
15,tumblr.com/,51.8123
35,blogger.com/,144.618
37,macromedia.com/,3.62868
13,flickr.com/,105.894
93,163.com/,2.76504
82,tripod.com/,1.5975
92,reuters.com/,4.25077
10,wordpress.com/,61.6979
61,networkadvertising.org/,1.86896
27,statcounter.com/,3.37106
82,tripod.com/,1.56326
6,adobe.com/,3.4622
72,51.la/,1.74858
2,twitter.com/,180.815
50,jimdo.com/,1.94388
37,macromedia.com/,3.31238
81,guardian.co.uk/,10.9628
88,wix.com/,5.99142
90,washingtonpost.com/,12.0346
96,clickbank.net/,169.198
38,goo.gl/,17.4769
89,mapquest.com/,3.43307
54,vk.com/,1.24435
4,youtube.com/,7.34586
64,hugedomains.com/,1.31984
87,slideshare.net/,4.36296
35,blogger.com/,162.316
15,tumblr.com/,55.3031
18,myspace.com/,138.94
37,macromedia.com/,3.35586
27,statcounter.com/,2.07604
13,flickr.com/,127.021
86,geocities.com/,1.46486
12,amazon.com/,7.72403
71,mozilla.org/,180.594
1,facebook.com/,114.101
1,facebook.com/,71.5022
69,huffingtonpost.com/,6.3932
5,wordpress.org/,165.904
97,weibo.com/,1.24321
42,yandex.ru/,2.04821
14,pinterest.com/,46.6359
19,vimeo.com/,101.666
13,flickr.com/,87.8912
10,wordpress.com/,66.5756
63,sina.com.cn/,15.9222
97,weibo.com/,1.62476
86,geocities.com/,1.37783
37,macromedia.com/,5.98762
19,vimeo.com/,82.876
100,dailymotion.com/,4.28692
98,etsy.com/,208.608
30,delicious.com/,167.3
83,godaddy.com/,129.181
73,aol.com/,4.37645
9,linkedin.com/,62.1572
36,msn.com/,1.99726
88,wix.com/,2.40263
79,bing.com/,2.48834
52,go.com/,2.32281
90,washingtonpost.com/,7.03614
67,yahoo.co.jp/,1.50862
44,webs.com/,4.65019
3,google.com/,2.39965
42,yandex.ru/,2.4115
75,ameblo.jp/,6.43345
75,ameblo.jp/,3.93583
29,miibeian.gov.cn/,74.1034
15,tumblr.com/,61.5915
48,imdb.com/,3.24301
29,miibeian.gov.cn/,55.307
87,slideshare.net/,4.10269
68,nih.gov/,2.06825
5,wordpress.org/,165.539
14,pinterest.com/,47.2935
100,dailymotion.com/,8.77879
20,microsoft.com/,1.57129
37,macromedia.com/,3.19861
30,delicious.com/,82.3882
77,europa.eu/,1.7172
21,youtu.be/,93.8729
19,vimeo.com/,64.2186
10,wordpress.com/,67.15
36,msn.com/,1.9651
75,ameblo.jp/,2.24383
93,163.com/,5.91606
9,linkedin.com/,43.2042
91,homestead.com/,1.5338
95,forbes.com/,2.74009
64,hugedomains.com/,1.2992
4,youtube.com/,10.2543
86,geocities.com/,1.30986
35,blogger.com/,186.613
67,yahoo.co.jp/,1.05446
33,weebly.com/,3.10151
25,stumbleupon.com/,7.64705
55,google.co.jp/,3.05763
100,dailymotion.com/,4.60064
54,vk.com/,1.187
18,myspace.com/,147.546
100,dailymotion.com/,4.4682
28,feedburner.com/,54.224
95,forbes.com/,3.62006
97,weibo.com/,1.65862
24,baidu.com/,3.30174
50,jimdo.com/,2.25309
30,delicious.com/,160.966
89,mapquest.com/,4.29938
31,nytimes.com/,5.88228
7,blogspot.com/,142.384
32,reddit.com/,4.42752
8,wikipedia.org/,1.883
64,hugedomains.com/,1.28894
23,digg.com/,9.40457
78,taobao.com/,4.22094
17,apple.com/,1.76951
41,icio.us/,1.28939
5,wordpress.org/,151.632
16,w3.org/,0.69754
92,reuters.com/,2.15928
52,go.com/,1.83687
29,miibeian.gov.cn/,43.8156
29,miibeian.gov.cn/,27.7633
54,vk.com/,1.37025
15,tumblr.com/,74.6553
1,facebook.com/,111.294
96,clickbank.net/,153.826
62,technorati.com/,3.03369
64,hugedomains.com/,1.26818
22,qq.com/,12.3829
17,apple.com/,1.24196
33,weebly.com/,3.08179
2,twitter.com/,212.617
69,huffingtonpost.com/,5.77386
4,youtube.com/,5.41964
31,nytimes.com/,4.71423
19,vimeo.com/,70.9329
22,qq.com/,12.3257
85,gnu.org/,1.95459
100,dailymotion.com/,6.98613
17,apple.com/,1.38141
59,creativecommons.org/,1.92413
50,jimdo.com/,1.65615
61,networkadvertising.org/,1.63083
85,gnu.org/,1.48956
75,ameblo.jp/,1.64607
47,livejournal.com/,4.29239
5,wordpress.org/,172.619
74,ebay.com/,3.48616
95,forbes.com/,4.84955
87,slideshare.net/,6.0051
85,gnu.org/,4.99665
56,fc2.com/,3.21584
53,tinyurl.com/,3.67286
24,baidu.com/,1.03091
65,about.com/,15.7732
100,dailymotion.com/,3.65485
38,goo.gl/,37.3306
47,livejournal.com/,5.29211
98,etsy.com/,166.468
5,wordpress.org/,79.282
81,guardian.co.uk/,12.4562
83,godaddy.com/,129.721
50,jimdo.com/,1.74107
57,free.fr/,1.88253
100,dailymotion.com/,4.85774
6,adobe.com/,2.77708
35,blogger.com/,186.377
85,gnu.org/,1.81759
72,51.la/,2.41558
59,creativecommons.org/,5.04491
21,youtu.be/,61.6771
91,homestead.com/,1.3928
99,amazon.co.uk/,3.17355
94,photobucket.com/,8.75865
40,gov.uk/,81.3234
95,forbes.com/,3.3482
66,theguardian.com/,9.03663
27,statcounter.com/,1.77877
46,t.co/,2.93606
89,mapquest.com/,2.97761
99,amazon.co.uk/,3.49809
19,vimeo.com/,61.9445
27,statcounter.com/,1.74561
48,imdb.com/,3.31223
17,apple.com/,1.62728
90,washingtonpost.com/,8.43
38,goo.gl/,21.9338
7,blogspot.com/,144.481
43,cnn.com/,4.87513
71,mozilla.org/,202.36
43,cnn.com/,5.40796
57,free.fr/,2.40059
75,ameblo.jp/,6.22781
27,statcounter.com/,1.78219
72,51.la/,1.76046
78,taobao.com/,6.09463
29,miibeian.gov.cn/,54.2014
100,dailymotion.com/,4.0334
72,51.la/,1.88037
27,statcounter.com/,1.57913
23,digg.com/,5.2219
45,google.de/,2.39088
23,digg.com/,6.1078
46,t.co/,1.26526
98,etsy.com/,144.76
81,guardian.co.uk/,7.13807
78,taobao.com/,5.1811
82,tripod.com/,0.982211
19,vimeo.com/,89.5659
38,goo.gl/,17.0741
8,wikipedia.org/,2.98428
1,facebook.com/,111.183
27,statcounter.com/,1.47658
58,joomla.org/,4.67431
65,about.com/,15.0103
39,instagram.com/,82.6551
22,qq.com/,16.5984
74,ebay.com/,3.30105
49,mail.ru/,346.893
22,qq.com/,10.869
77,europa.eu/,1.99311
24,baidu.com/,0.840028
3,google.com/,5.14477
9,linkedin.com/,102.287
13,flickr.com/,98.6296
29,miibeian.gov.cn/,43.0892
90,washingtonpost.com/,7.59515
63,sina.com.cn/,11.3956
68,nih.gov/,1.91957
29,miibeian.gov.cn/,31.2882
93,163.com/,3.36685
53,tinyurl.com/,1.78316
53,tinyurl.com/,1.35606
76,wsj.com/,5.39086
73,aol.com/,5.82925
26,addthis.com/,4.19272
52,go.com/,2.57272
29,miibeian.gov.cn/,50.2011
44,webs.com/,1.91716
26,addthis.com/,2.01049
77,europa.eu/,1.58154
32,reddit.com/,3.13779
94,photobucket.com/,2.58233
88,wix.com/,3.22721
73,aol.com/,5.87246
64,hugedomains.com/,2.15105
74,ebay.com/,3.681
18,myspace.com/,1449.52
20,microsoft.com/,1.06752
38,goo.gl/,33.8858
28,feedburner.com/,42.6853
16,w3.org/,1.98728
7,blogspot.com/,147.401
47,livejournal.com/,4.79249
44,webs.com/,1.59331
73,aol.com/,10.3918
39,instagram.com/,74.4691
48,imdb.com/,9.02239
11,yahoo.com/,111.476
10,wordpress.com/,47.9506
75,ameblo.jp/,1.7365
41,icio.us/,2.20009
76,wsj.com/,4.70775
69,huffingtonpost.com/,12.1199
31,nytimes.com/,5.37989
65,about.com/,11.9303
13,flickr.com/,109.142
38,goo.gl/,56.1345
74,ebay.com/,6.1601
86,geocities.com/,3.46191
13,flickr.com/,58.0029
2,twitter.com/,156.761
69,huffingtonpost.com/,7.15781
56,fc2.com/,7.35737
11,yahoo.com/,114.458
46,t.co/,2.16973
94,photobucket.com/,2.63326
73,aol.com/,5.04917
16,w3.org/,1.10379
23,digg.com/,4.88318
30,delicious.com/,176.317
19,vimeo.com/,61.7674
72,51.la/,2.49017
